"id","name","head_branch","head_sha","run_number","event","status","conclusion","workflow_id","url","created_at","updated_at","run_started_at"
24169928077,"Push on main","main","c00f9d5f0886e8dc553333530bd0bb6c21f7c69b",29939,"dynamic","completed","success",151629566,"https://api.github.com/repos/Ka0s-Klaus/ka0s/actions/runs/24169928077",1775703354,1775703456,1775703354
24169762448,"Push on main","main","eadb2937c7a2a4333de5a9509ab59e4bd47da75a",29938,"dynamic","completed","success",151629566,"https://api.github.com/repos/Ka0s-Klaus/ka0s/actions/runs/24169762448",1775702977,1775703074,1775702977
24169657968,"Ka0s Inspector -> Audit","main","9827328b93653f92fb131c30edb76638ba7c4199",15185,"workflow_dispatch","queued","unknown",142065355,"https://api.github.com/repos/Ka0s-Klaus/ka0s/actions/runs/24169657968",1775702736,1775702736,1775702736
24169656893,"Ka0s Inspector -> Audit","main","9827328b93653f92fb131c30edb76638ba7c4199",15184,"workflow_dispatch","queued","unknown",142065355,"https://api.github.com/repos/Ka0s-Klaus/ka0s/actions/runs/24169656893",1775702733,1775702733,1775702733
24169597961,"Push on main","main","9827328b93653f92fb131c30edb76638ba7c4199",29937,"dynamic","completed","success",151629566,"https://api.github.com/repos/Ka0s-Klaus/ka0s/actions/runs/24169597961",1775702603,1775702698,1775702603
24169529274,"Push on main","main","a9f559a1467cdee8bacc2a1062ea253bb029cd73",29936,"dynamic","completed","success",151629566,"https://api.github.com/repos/Ka0s-Klaus/ka0s/actions/runs/24169529274",1775702437,1775702547,1775702437
24169417318,"Ka0s Audit Cluster Status","main","be6469e3a88f971024d58939222b93e3026264ed",2310,"workflow_dispatch","queued","unknown",230364367,"https://api.github.com/repos/Ka0s-Klaus/ka0s/actions/runs/24169417318",1775702169,1775702169,1775702169
24169405621,"Ka0s Autom add audit -> MongoDB","main","be6469e3a88f971024d58939222b93e3026264ed",5280,"schedule","queued","unknown",171532733,"https://api.github.com/repos/Ka0s-Klaus/ka0s/actions/runs/24169405621",1775702141,1775702141,1775702141
24169403137,"Push on main","main","be6469e3a88f971024d58939222b93e3026264ed",29935,"dynamic","completed","success",151629566,"https://api.github.com/repos/Ka0s-Klaus/ka0s/actions/runs/24169403137",1775702135,1775702235,1775702135
24169258133,"Push on main","main","3b5d9e16e565167c444179ddf97233704702c585",29934,"dynamic","completed","success",151629566,"https://api.github.com/repos/Ka0s-Klaus/ka0s/actions/runs/24169258133",1775701808,1775701907,1775701808
24168490132,"Ka0s Collect Service Logs","main","107cc5aead681833f451c01908861f6dd67de42a",532,"schedule","queued","unknown",244350788,"https://api.github.com/repos/Ka0s-Klaus/ka0s/actions/runs/24168490132",1775700060,1775700060,1775700060
24168217644,"Push on main","main","107cc5aead681833f451c01908861f6dd67de42a",29933,"dynamic","completed","success",151629566,"https://api.github.com/repos/Ka0s-Klaus/ka0s/actions/runs/24168217644",1775699464,1775699564,1775699464
24168107273,"Ka0s Inspector -> Audit","main","56897c830283afa222c4bbcac3b5b00022ccb6c8",15183,"workflow_dispatch","queued","unknown",142065355,"https://api.github.com/repos/Ka0s-Klaus/ka0s/actions/runs/24168107273",1775699211,1775699211,1775699211
24167942353,"Push on main","main","56897c830283afa222c4bbcac3b5b00022ccb6c8",29932,"dynamic","completed","success",151629566,"https://api.github.com/repos/Ka0s-Klaus/ka0s/actions/runs/24167942353",1775698844,1775698945,1775698844
24167915152,"Push on main","main","5f7dd8cb36eb38283b5014e1ed0431db6eaa9d5b",29931,"dynamic","completed","success",151629566,"https://api.github.com/repos/Ka0s-Klaus/ka0s/actions/runs/24167915152",1775698786,1775698893,1775698786
24167688034,"Ka0s Inspector -> Audit","main","d9e3dc0042ea38ee69dae0e707cfe2429bf25fe1",15182,"workflow_dispatch","queued","unknown",142065355,"https://api.github.com/repos/Ka0s-Klaus/ka0s/actions/runs/24167688034",1775698276,1775698276,1775698276
24167485622,"Ka0s Audit Cluster Status","main","d9e3dc0042ea38ee69dae0e707cfe2429bf25fe1",2309,"schedule","queued","unknown",230364367,"https://api.github.com/repos/Ka0s-Klaus/ka0s/actions/runs/24167485622",1775697834,1775697834,1775697834
24167240573,"Push on main","main","d9e3dc0042ea38ee69dae0e707cfe2429bf25fe1",29930,"dynamic","completed","success",151629566,"https://api.github.com/repos/Ka0s-Klaus/ka0s/actions/runs/24167240573",1775697281,1775697376,1775697281
24167206447,"Push on main","main","ea89668ecc5411bb92b589d4599c7f28d5aeedc8",29929,"dynamic","completed","success",151629566,"https://api.github.com/repos/Ka0s-Klaus/ka0s/actions/runs/24167206447",1775697206,1775697303,1775697206
24167116460,"Push on main","main","1596b3e3695ecd59765ec0a6adfb25ecb6f4570c",29928,"dynamic","completed","success",151629566,"https://api.github.com/repos/Ka0s-Klaus/ka0s/actions/runs/24167116460",1775697008,1775697105,1775697008
24167107804,"Watchdog - Node Health","main","6315eb26b0bb4d5c7f4bea941bacc2dd9e9a9ac2",1096,"schedule","queued","unknown",233876278,"https://api.github.com/repos/Ka0s-Klaus/ka0s/actions/runs/24167107804",1775696989,1775696989,1775696989
24167011411,"Push on main","main","6315eb26b0bb4d5c7f4bea941bacc2dd9e9a9ac2",29927,"dynamic","completed","success",151629566,"https://api.github.com/repos/Ka0s-Klaus/ka0s/actions/runs/24167011411",1775696785,1775696892,1775696785
24166985860,"Push on main","main","626ae7e0af6398c6ca5ec60a62192611b5489d5e",29926,"dynamic","completed","success",151629566,"https://api.github.com/repos/Ka0s-Klaus/ka0s/actions/runs/24166985860",1775696733,1775696836,1775696733
24166720263,"Daily Lead Time Report","main","d768c10699c4ae159e755bda2f1d514be8a46972",39,"schedule","queued","unknown",240716440,"https://api.github.com/repos/Ka0s-Klaus/ka0s/actions/runs/24166720263",1775696186,1775702258,1775696186
24166700673,"Ka0s Generate -> Daily Lead Time Report","main","d768c10699c4ae159e755bda2f1d514be8a46972",44,"schedule","queued","unknown",240902002,"https://api.github.com/repos/Ka0s-Klaus/ka0s/actions/runs/24166700673",1775696142,1775701800,1775696142
24166117558,"Ka0s Inspector -> Audit","main","d768c10699c4ae159e755bda2f1d514be8a46972",15181,"workflow_dispatch","queued","unknown",142065355,"https://api.github.com/repos/Ka0s-Klaus/ka0s/actions/runs/24166117558",1775694954,1775694954,1775694954
24165826726,"Ka0s Inspector -> Audit","main","d768c10699c4ae159e755bda2f1d514be8a46972",15180,"workflow_dispatch","queued","unknown",142065355,"https://api.github.com/repos/Ka0s-Klaus/ka0s/actions/runs/24165826726",1775694370,1775694370,1775694370
24165390596,"Push on main","main","d768c10699c4ae159e755bda2f1d514be8a46972",29925,"dynamic","completed","success",151629566,"https://api.github.com/repos/Ka0s-Klaus/ka0s/actions/runs/24165390596",1775693523,1775693617,1775693523
24165328468,"Push on main","main","2cbf06e36bead59685801c4ec15273a5f0aa1931",29924,"dynamic","completed","success",151629566,"https://api.github.com/repos/Ka0s-Klaus/ka0s/actions/runs/24165328468",1775693409,1775693507,1775693409
24164695348,"Scheduled","main","ddff1cbe9f0f2759b5a19bb3ff945f67b54e49ac",29923,"dynamic","completed","success",151629566,"https://api.github.com/repos/Ka0s-Klaus/ka0s/actions/runs/24164695348",1775692220,1775692324,1775692220
24164659768,"Ka0s Status MongDB Report","main","ddff1cbe9f0f2759b5a19bb3ff945f67b54e49ac",5952,"schedule","queued","unknown",171839824,"https://api.github.com/repos/Ka0s-Klaus/ka0s/actions/runs/24164659768",1775692151,1775702609,1775692151
24164642208,"Push on main","main","ddff1cbe9f0f2759b5a19bb3ff945f67b54e49ac",29922,"dynamic","completed","success",151629566,"https://api.github.com/repos/Ka0s-Klaus/ka0s/actions/runs/24164642208",1775692119,1775692215,1775692119
24164639782,"Push on main","main","0b60f9147359f5f2adc17e611d4ac74c5ed5bdc0",29921,"dynamic","completed","success",151629566,"https://api.github.com/repos/Ka0s-Klaus/ka0s/actions/runs/24164639782",1775692114,1775692218,1775692114
24164214262,"Ka0s Collect Service Logs","main","94cf4b71e3019df6992d51255aea8c07177169d8",531,"schedule","queued","unknown",244350788,"https://api.github.com/repos/Ka0s-Klaus/ka0s/actions/runs/24164214262",1775691317,1775703356,1775691317
24164116615,"Ka0s Inspector -> Audit","main","94cf4b71e3019df6992d51255aea8c07177169d8",15179,"workflow_dispatch","queued","unknown",142065355,"https://api.github.com/repos/Ka0s-Klaus/ka0s/actions/runs/24164116615",1775691136,1775691136,1775691136
24164077068,"Ka0s Audit Cluster Status","main","94cf4b71e3019df6992d51255aea8c07177169d8",2308,"schedule","queued","unknown",230364367,"https://api.github.com/repos/Ka0s-Klaus/ka0s/actions/runs/24164077068",1775691060,1775691060,1775691060
24164017813,"Watchdog - Node Health","main","94cf4b71e3019df6992d51255aea8c07177169d8",1095,"schedule","queued","unknown",233876278,"https://api.github.com/repos/Ka0s-Klaus/ka0s/actions/runs/24164017813",1775690947,1775703320,1775690947
24163442479,"Push on main","main","94cf4b71e3019df6992d51255aea8c07177169d8",29920,"dynamic","completed","success",151629566,"https://api.github.com/repos/Ka0s-Klaus/ka0s/actions/runs/24163442479",1775689878,1775689975,1775689878
24163378504,"Push on main","main","54b12e5c37a1b2ad30dd30e4cced18f2ee161db6",29919,"dynamic","completed","success",151629566,"https://api.github.com/repos/Ka0s-Klaus/ka0s/actions/runs/24163378504",1775689762,1775689867,1775689762
24163196310,"Ka0s Audit Cluster Status","main","a29e37e991126715ce5dc39efa09414c50fab14d",2307,"workflow_dispatch","queued","unknown",230364367,"https://api.github.com/repos/Ka0s-Klaus/ka0s/actions/runs/24163196310",1775689433,1775689433,1775689433
24162889721,"Ka0s Status MongDB Report","main","a29e37e991126715ce5dc39efa09414c50fab14d",5951,"schedule","queued","unknown",171839824,"https://api.github.com/repos/Ka0s-Klaus/ka0s/actions/runs/24162889721",1775688885,1775699469,1775688885
24162768306,"Ka0s Inspector -> Audit","main","a29e37e991126715ce5dc39efa09414c50fab14d",15178,"workflow_dispatch","queued","unknown",142065355,"https://api.github.com/repos/Ka0s-Klaus/ka0s/actions/runs/24162768306",1775688668,1775688668,1775688668
24162406051,"Ka0s Workflow Statistics Summary","main","a29e37e991126715ce5dc39efa09414c50fab14d",613,"schedule","in_progress","unknown",153261529,"https://api.github.com/repos/Ka0s-Klaus/ka0s/actions/runs/24162406051",1775688024,1775703598,1775688024
24162254602,"Ka0s Collect Service Logs","main","a29e37e991126715ce5dc39efa09414c50fab14d",530,"schedule","queued","unknown",244350788,"https://api.github.com/repos/Ka0s-Klaus/ka0s/actions/runs/24162254602",1775687762,1775702980,1775687762
24162186863,"Ka0s C0re SSH Host Connect","main","a29e37e991126715ce5dc39efa09414c50fab14d",119,"schedule","queued","unknown",223902538,"https://api.github.com/repos/Ka0s-Klaus/ka0s/actions/runs/24162186863",1775687651,1775703439,1775687651
24162083274,"Ka0s Audit Cluster Status","main","a29e37e991126715ce5dc39efa09414c50fab14d",2306,"schedule","queued","unknown",230364367,"https://api.github.com/repos/Ka0s-Klaus/ka0s/actions/runs/24162083274",1775687483,1775687483,1775687483
24162063213,"Ka0s Inspector -> Audit","main","a29e37e991126715ce5dc39efa09414c50fab14d",15177,"workflow_dispatch","queued","unknown",142065355,"https://api.github.com/repos/Ka0s-Klaus/ka0s/actions/runs/24162063213",1775687450,1775687450,1775687450
24161991467,"Watchdog - Node Health","main","a29e37e991126715ce5dc39efa09414c50fab14d",1094,"schedule","queued","unknown",233876278,"https://api.github.com/repos/Ka0s-Klaus/ka0s/actions/runs/24161991467",1775687329,1775697218,1775687329
24161445915,"Push on main","main","a29e37e991126715ce5dc39efa09414c50fab14d",29918,"dynamic","completed","success",151629566,"https://api.github.com/repos/Ka0s-Klaus/ka0s/actions/runs/24161445915",1775686427,1775686529,1775686427
24161426011,"Push on main","main","83e9540003808c6c5ea71566c495b4a471171ee2",29917,"dynamic","completed","success",151629566,"https://api.github.com/repos/Ka0s-Klaus/ka0s/actions/runs/24161426011",1775686395,1775686496,1775686395
24161032303,"Push on main","main","5226696b1462f656da7a2cf1d5d8e526bc527e01",29916,"dynamic","completed","success",151629566,"https://api.github.com/repos/Ka0s-Klaus/ka0s/actions/runs/24161032303",1775685771,1775685875,1775685771
24160864753,"Push on main","main","6feab3768238cb78ce615f26576279374f8f211f",29915,"dynamic","completed","success",151629566,"https://api.github.com/repos/Ka0s-Klaus/ka0s/actions/runs/24160864753",1775685515,1775685626,1775685515
24160700470,"Ka0s Status MongDB Report","main","f501c79a3eedcbef66d552cfb0cd1d6eaaba5173",5950,"schedule","queued","unknown",171839824,"https://api.github.com/repos/Ka0s-Klaus/ka0s/actions/runs/24160700470",1775685264,1775697014,1775685264
24160180550,"Ka0s Inspector -> Audit","main","f501c79a3eedcbef66d552cfb0cd1d6eaaba5173",15176,"workflow_dispatch","queued","unknown",142065355,"https://api.github.com/repos/Ka0s-Klaus/ka0s/actions/runs/24160180550",1775684469,1775684469,1775684469
24160094772,"Ka0s Collect Service Logs","main","f501c79a3eedcbef66d552cfb0cd1d6eaaba5173",529,"schedule","queued","unknown",244350788,"https://api.github.com/repos/Ka0s-Klaus/ka0s/actions/runs/24160094772",1775684342,1775701810,1775684342
24159933655,"Ka0s Audit Cluster Status","main","f501c79a3eedcbef66d552cfb0cd1d6eaaba5173",2305,"schedule","queued","unknown",230364367,"https://api.github.com/repos/Ka0s-Klaus/ka0s/actions/runs/24159933655",1775684107,1775702440,1775684107
24159855595,"Watchdog - Node Health","main","f501c79a3eedcbef66d552cfb0cd1d6eaaba5173",1093,"schedule","queued","unknown",233876278,"https://api.github.com/repos/Ka0s-Klaus/ka0s/actions/runs/24159855595",1775683997,1775695738,1775683997
24159540575,"Push on main","main","f501c79a3eedcbef66d552cfb0cd1d6eaaba5173",29914,"dynamic","completed","success",151629566,"https://api.github.com/repos/Ka0s-Klaus/ka0s/actions/runs/24159540575",1775683544,1775683649,1775683544
24158287006,"Ka0s Status MongDB Report","main","230f6a507d113aa3df5e475c0214044c1d0f2429",5949,"schedule","queued","unknown",171839824,"https://api.github.com/repos/Ka0s-Klaus/ka0s/actions/runs/24158287006",1775681775,1775696737,1775681775
24158018118,"Ka0s Collect Service Logs","main","230f6a507d113aa3df5e475c0214044c1d0f2429",528,"schedule","queued","unknown",244350788,"https://api.github.com/repos/Ka0s-Klaus/ka0s/actions/runs/24158018118",1775681415,1775698846,1775681415
24157339946,"Ka0s Audit Cluster Status","main","230f6a507d113aa3df5e475c0214044c1d0f2429",2304,"schedule","queued","unknown",230364367,"https://api.github.com/repos/Ka0s-Klaus/ka0s/actions/runs/24157339946",1775680503,1775702138,1775680503
24157189648,"Watchdog - Node Health","main","230f6a507d113aa3df5e475c0214044c1d0f2429",1092,"schedule","queued","unknown",233876278,"https://api.github.com/repos/Ka0s-Klaus/ka0s/actions/runs/24157189648",1775680306,1775694702,1775680306
24156593458,"Ka0s Audit Cluster Status","main","230f6a507d113aa3df5e475c0214044c1d0f2429",2303,"workflow_dispatch","queued","unknown",230364367,"https://api.github.com/repos/Ka0s-Klaus/ka0s/actions/runs/24156593458",1775679515,1775696788,1775679515
24155946032,"Push on main","main","230f6a507d113aa3df5e475c0214044c1d0f2429",29913,"dynamic","completed","success",151629566,"https://api.github.com/repos/Ka0s-Klaus/ka0s/actions/runs/24155946032",1775678658,1775678763,1775678658
24155832928,"Push on main","main","61544b04736a051b0552c6d2043eefd41a686c6f",29912,"dynamic","completed","success",151629566,"https://api.github.com/repos/Ka0s-Klaus/ka0s/actions/runs/24155832928",1775678509,1775678613,1775678509
24155628577,"Ka0s Collect Service Logs","main","018a2c6e4824f37b4d8231fd0410a3a4c7f931ac",527,"schedule","queued","unknown",244350788,"https://api.github.com/repos/Ka0s-Klaus/ka0s/actions/runs/24155628577",1775678244,1775703602,1775678244
24155217945,"Push on main","main","018a2c6e4824f37b4d8231fd0410a3a4c7f931ac",29911,"dynamic","completed","success",151629566,"https://api.github.com/repos/Ka0s-Klaus/ka0s/actions/runs/24155217945",1775677725,1775677820,1775677725
24154958693,"Ka0s Inspector -> Audit","main","a611a81114b9f947ee285df567150583ef6499b3",15175,"workflow_dispatch","queued","unknown",142065355,"https://api.github.com/repos/Ka0s-Klaus/ka0s/actions/runs/24154958693",1775677397,1775697283,1775677397
24154672819,"Ka0s Status MongDB Report","main","a611a81114b9f947ee285df567150583ef6499b3",5948,"schedule","queued","unknown",171839824,"https://api.github.com/repos/Ka0s-Klaus/ka0s/actions/runs/24154672819",1775677014,1775698056,1775677014
24154667775,"Ka0s Inspector -> Audit","main","a611a81114b9f947ee285df567150583ef6499b3",15174,"workflow_dispatch","queued","unknown",142065355,"https://api.github.com/repos/Ka0s-Klaus/ka0s/actions/runs/24154667775",1775677007,1775697208,1775677007
24154149443,"Ka0s Audit Cluster Status","main","a611a81114b9f947ee285df567150583ef6499b3",2302,"schedule","queued","unknown",230364367,"https://api.github.com/repos/Ka0s-Klaus/ka0s/actions/runs/24154149443",1775676312,1775689881,1775676312
24153996794,"Push on main","main","a611a81114b9f947ee285df567150583ef6499b3",29910,"dynamic","completed","success",151629566,"https://api.github.com/repos/Ka0s-Klaus/ka0s/actions/runs/24153996794",1775676103,1775676228,1775676103
24153962633,"Ka0s Autom add audit -> MongoDB","main","ce8bcc04c20f03f33451704440cc31eb26493e5b",5279,"schedule","completed","success",171532733,"https://api.github.com/repos/Ka0s-Klaus/ka0s/actions/runs/24153962633",1775676053,1775702743,1775676053
24153513648,"Watchdog - Node Health","main","ce8bcc04c20f03f33451704440cc31eb26493e5b",1091,"schedule","queued","unknown",233876278,"https://api.github.com/repos/Ka0s-Klaus/ka0s/actions/runs/24153513648",1775675419,1775702172,1775675419
24152471885,"Push on main","main","ce8bcc04c20f03f33451704440cc31eb26493e5b",29909,"dynamic","completed","success",151629566,"https://api.github.com/repos/Ka0s-Klaus/ka0s/actions/runs/24152471885",1775673936,1775674057,1775673936
24152286030,"Ka0s Audit Cluster Status","main","a1005289c5908532ce71dc6df9c62972eefe85e2",2301,"workflow_dispatch","queued","unknown",230364367,"https://api.github.com/repos/Ka0s-Klaus/ka0s/actions/runs/24152286030",1775673675,1775686429,1775673675
24151672032,"Push on main","main","a1005289c5908532ce71dc6df9c62972eefe85e2",29908,"dynamic","completed","success",151629566,"https://api.github.com/repos/Ka0s-Klaus/ka0s/actions/runs/24151672032",1775672799,1775672908,1775672799
24151072082,"Ka0s Collect Service Logs","main","2daeb616f06a6fa658c31b33acb472999e5d9eea",526,"schedule","queued","unknown",244350788,"https://api.github.com/repos/Ka0s-Klaus/ka0s/actions/runs/24151072082",1775671938,1775694971,1775671938
24150558970,"Ka0s Audit Cluster Status","main","2daeb616f06a6fa658c31b33acb472999e5d9eea",2300,"schedule","queued","unknown",230364367,"https://api.github.com/repos/Ka0s-Klaus/ka0s/actions/runs/24150558970",1775671214,1775685518,1775671214
24150451875,"Watchdog - Node Health","main","2daeb616f06a6fa658c31b33acb472999e5d9eea",1090,"schedule","completed","success",233876278,"https://api.github.com/repos/Ka0s-Klaus/ka0s/actions/runs/24150451875",1775671059,1775702742,1775671059
24150175559,"Ka0s Inspector -> Audit","main","2daeb616f06a6fa658c31b33acb472999e5d9eea",15173,"workflow_dispatch","queued","unknown",142065355,"https://api.github.com/repos/Ka0s-Klaus/ka0s/actions/runs/24150175559",1775670664,1775693528,1775670664
24149380934,"Ka0s Inspector -> Audit","main","2daeb616f06a6fa658c31b33acb472999e5d9eea",15172,"workflow_dispatch","queued","unknown",142065355,"https://api.github.com/repos/Ka0s-Klaus/ka0s/actions/runs/24149380934",1775669512,1775693411,1775669512
24148907319,"Push on main","main","2daeb616f06a6fa658c31b33acb472999e5d9eea",29907,"dynamic","completed","success",151629566,"https://api.github.com/repos/Ka0s-Klaus/ka0s/actions/runs/24148907319",1775668849,1775668952,1775668849
24148814880,"Ka0s Inspector -> Audit","main","45699d0a63e8eba1af1a1e130e4d4ca4d96f1f22",15171,"workflow_dispatch","queued","unknown",142065355,"https://api.github.com/repos/Ka0s-Klaus/ka0s/actions/runs/24148814880",1775668718,1775692121,1775668718
24148704694,"Ka0s Status MongDB Report","main","45699d0a63e8eba1af1a1e130e4d4ca4d96f1f22",5947,"schedule","completed","success",171839824,"https://api.github.com/repos/Ka0s-Klaus/ka0s/actions/runs/24148704694",1775668560,1775698280,1775668560
24148582017,"Push on main","main","45699d0a63e8eba1af1a1e130e4d4ca4d96f1f22",29906,"dynamic","completed","success",151629566,"https://api.github.com/repos/Ka0s-Klaus/ka0s/actions/runs/24148582017",1775668390,1775668492,1775668390
24148402037,"Push on main","main","3ba6b41bded4b8c6efb599621e9bfdcd67f4916b",29905,"dynamic","completed","success",151629566,"https://api.github.com/repos/Ka0s-Klaus/ka0s/actions/runs/24148402037",1775668143,1775668239,1775668143
24148373581,"Push on main","main","cdf8bef7a5a351f93322f5314da2bb4ffb800b5f",29904,"dynamic","completed","success",151629566,"https://api.github.com/repos/Ka0s-Klaus/ka0s/actions/runs/24148373581",1775668102,1775668216,1775668102
24148140940,"Ka0s Inspector -> Audit","main","8fd11111ab5b064faadd417a3d97be95c43b76f6",15170,"workflow_dispatch","queued","unknown",142065355,"https://api.github.com/repos/Ka0s-Klaus/ka0s/actions/runs/24148140940",1775667781,1775689765,1775667781
24147965572,"Ka0s Collect Service Logs","main","8fd11111ab5b064faadd417a3d97be95c43b76f6",525,"schedule","completed","success",244350788,"https://api.github.com/repos/Ka0s-Klaus/ka0s/actions/runs/24147965572",1775667543,1775699215,1775667543
24147674334,"Ka0s Audit Cluster Status","main","8fd11111ab5b064faadd417a3d97be95c43b76f6",2299,"schedule","queued","unknown",230364367,"https://api.github.com/repos/Ka0s-Klaus/ka0s/actions/runs/24147674334",1775667154,1775686741,1775667154
24147524297,"Push on main","main","8fd11111ab5b064faadd417a3d97be95c43b76f6",29903,"dynamic","completed","success",151629566,"https://api.github.com/repos/Ka0s-Klaus/ka0s/actions/runs/24147524297",1775666956,1775667055,1775666956
24147123730,"Push on main","main","fde9f1c421a7f72629c830bf5e239423af7e5b97",29902,"dynamic","completed","success",151629566,"https://api.github.com/repos/Ka0s-Klaus/ka0s/actions/runs/24147123730",1775666427,1775666542,1775666427
24145617651,"Watchdog - Node Health","main","1cb799cdc57c575fc3d0dd7f3aceeb09fc89ae01",1089,"schedule","completed","success",233876278,"https://api.github.com/repos/Ka0s-Klaus/ka0s/actions/runs/24145617651",1775664452,1775694374,1775664452
24143893093,"Ka0s Inspector -> Audit","main","1cb799cdc57c575fc3d0dd7f3aceeb09fc89ae01",15169,"workflow_dispatch","queued","unknown",142065355,"https://api.github.com/repos/Ka0s-Klaus/ka0s/actions/runs/24143893093",1775662370,1775683546,1775662370
24143792845,"Ka0s Inspector -> Audit","main","1cb799cdc57c575fc3d0dd7f3aceeb09fc89ae01",15168,"workflow_dispatch","completed","success",142065355,"https://api.github.com/repos/Ka0s-Klaus/ka0s/actions/runs/24143792845",1775662240,1775697653,1775662240
24143397206,"Ka0s Status MongDB Report","main","1cb799cdc57c575fc3d0dd7f3aceeb09fc89ae01",5946,"schedule","completed","success",171839824,"https://api.github.com/repos/Ka0s-Klaus/ka0s/actions/runs/24143397206",1775661733,1775688672,1775661733
24142681146,"Ka0s Collect Service Logs","main","1cb799cdc57c575fc3d0dd7f3aceeb09fc89ae01",524,"schedule","completed","success",244350788,"https://api.github.com/repos/Ka0s-Klaus/ka0s/actions/runs/24142681146",1775660823,1775687454,1775660823
24142450844,"Ka0s Audit Cluster Status","main","1cb799cdc57c575fc3d0dd7f3aceeb09fc89ae01",2298,"schedule","completed","success",230364367,"https://api.github.com/repos/Ka0s-Klaus/ka0s/actions/runs/24142450844",1775660538,1775694958,1775660538
24141450695,"Ka0s Audit Cluster Status","main","1cb799cdc57c575fc3d0dd7f3aceeb09fc89ae01",2297,"workflow_dispatch","completed","success",230364367,"https://api.github.com/repos/Ka0s-Klaus/ka0s/actions/runs/24141450695",1775659310,1775691140,1775659310
24141303548,"Ka0s Inspector -> Audit","main","1cb799cdc57c575fc3d0dd7f3aceeb09fc89ae01",15167,"workflow_dispatch","completed","success",142065355,"https://api.github.com/repos/Ka0s-Klaus/ka0s/actions/runs/24141303548",1775659133,1775690194,1775659133
24141171317,"Push on main","main","1cb799cdc57c575fc3d0dd7f3aceeb09fc89ae01",29901,"dynamic","completed","success",151629566,"https://api.github.com/repos/Ka0s-Klaus/ka0s/actions/runs/24141171317",1775658973,1775659076,1775658973
24140947504,"Push on main","main","8d50026eadb1b9635751ce5b67046d03aa99187a",29900,"dynamic","completed","success",151629566,"https://api.github.com/repos/Ka0s-Klaus/ka0s/actions/runs/24140947504",1775658700,1775658808,1775658700
24140735576,"Watchdog - Node Health","main","2848c1615696c9aa97249a4a25bdf8d66556e964",1088,"schedule","completed","success",233876278,"https://api.github.com/repos/Ka0s-Klaus/ka0s/actions/runs/24140735576",1775658439,1775684473,1775658439
24140458526,"Push on main","main","2848c1615696c9aa97249a4a25bdf8d66556e964",29899,"dynamic","completed","success",151629566,"https://api.github.com/repos/Ka0s-Klaus/ka0s/actions/runs/24140458526",1775658091,1775658189,1775658091
24140059993,"Push on main","main","10c5a881ac75ebe69ce533752ea4dc75851ba571",29898,"dynamic","completed","success",151629566,"https://api.github.com/repos/Ka0s-Klaus/ka0s/actions/runs/24140059993",1775657590,1775657695,1775657590
24139648478,"Push on main","main","2c218ede46a3fb03d37edc46be8e35ac882aab10",29897,"dynamic","completed","success",151629566,"https://api.github.com/repos/Ka0s-Klaus/ka0s/actions/runs/24139648478",1775657074,1775657171,1775657074
24139621971,"Ka0s Inspector -> Audit","main","b84ac2a987a0360dc7d22dae3e98708e4c36d0ba",15166,"workflow_dispatch","completed","success",142065355,"https://api.github.com/repos/Ka0s-Klaus/ka0s/actions/runs/24139621971",1775657041,1775689551,1775657041
24139414660,"Push on main","main","b84ac2a987a0360dc7d22dae3e98708e4c36d0ba",29896,"dynamic","completed","success",151629566,"https://api.github.com/repos/Ka0s-Klaus/ka0s/actions/runs/24139414660",1775656784,1775656886,1775656784
24139320857,"Ka0s Audit Cluster Status","main","550cc01231a5fa94206ce47f36bf74d772729e2f",2296,"workflow_dispatch","completed","success",230364367,"https://api.github.com/repos/Ka0s-Klaus/ka0s/actions/runs/24139320857",1775656668,1775677012,1775656668
24139320879,"Ka0s Inspector -> Audit","main","550cc01231a5fa94206ce47f36bf74d772729e2f",15165,"workflow_dispatch","completed","success",142065355,"https://api.github.com/repos/Ka0s-Klaus/ka0s/actions/runs/24139320879",1775656668,1775687429,1775656668
24139251463,"Ka0s Status MongDB Report","main","550cc01231a5fa94206ce47f36bf74d772729e2f",5945,"schedule","completed","success",171839824,"https://api.github.com/repos/Ka0s-Klaus/ka0s/actions/runs/24139251463",1775656581,1775677402,1775656581
24138964184,"Push on main","main","550cc01231a5fa94206ce47f36bf74d772729e2f",29895,"dynamic","completed","success",151629566,"https://api.github.com/repos/Ka0s-Klaus/ka0s/actions/runs/24138964184",1775656211,1775656321,1775656211
24138514371,"Push on main","main","4e20ee292f7ad6d3e73bf1c35d459f6b23772ca0",29894,"dynamic","completed","success",151629566,"https://api.github.com/repos/Ka0s-Klaus/ka0s/actions/runs/24138514371",1775655638,1775655738,1775655638
24138092423,"Push on main","main","996fbd959d3d37e889ef1e52abfd7c56be62b065",29893,"dynamic","completed","success",151629566,"https://api.github.com/repos/Ka0s-Klaus/ka0s/actions/runs/24138092423",1775655095,1775655198,1775655095
24137794350,"Ka0s Autom add audit -> MongoDB","main","50e18fa98145edc038565b0c4652c216402e0353",5278,"schedule","completed","success",171532733,"https://api.github.com/repos/Ka0s-Klaus/ka0s/actions/runs/24137794350",1775654717,1775670669,1775654717
24137459140,"Push on main","main","50e18fa98145edc038565b0c4652c216402e0353",29892,"dynamic","completed","success",151629566,"https://api.github.com/repos/Ka0s-Klaus/ka0s/actions/runs/24137459140",1775654276,1775654382,1775654276
24137355247,"Ka0s Collect Service Logs","main","010400d66e711b0e1bd0e4cbc9ce6e14312b1682",523,"schedule","completed","success",244350788,"https://api.github.com/repos/Ka0s-Klaus/ka0s/actions/runs/24137355247",1775654140,1775668722,1775654140
24136799358,"Ka0s Audit Cluster Status","main","010400d66e711b0e1bd0e4cbc9ce6e14312b1682",2295,"schedule","completed","success",230364367,"https://api.github.com/repos/Ka0s-Klaus/ka0s/actions/runs/24136799358",1775653399,1775669517,1775653399
24136434866,"Watchdog - Node Health","main","010400d66e711b0e1bd0e4cbc9ce6e14312b1682",1087,"schedule","completed","success",233876278,"https://api.github.com/repos/Ka0s-Klaus/ka0s/actions/runs/24136434866",1775652894,1775667786,1775652894
24134467991,"Ka0s Inspector -> Audit","main","010400d66e711b0e1bd0e4cbc9ce6e14312b1682",15164,"workflow_dispatch","completed","success",142065355,"https://api.github.com/repos/Ka0s-Klaus/ka0s/actions/runs/24134467991",1775650034,1775666895,1775650034
24134403958,"Ka0s Inspector -> Audit","main","010400d66e711b0e1bd0e4cbc9ce6e14312b1682",15163,"workflow_dispatch","completed","success",142065355,"https://api.github.com/repos/Ka0s-Klaus/ka0s/actions/runs/24134403958",1775649936,1775659861,1775649936
24133914680,"Ka0s Collect Service Logs","main","010400d66e711b0e1bd0e4cbc9ce6e14312b1682",522,"schedule","completed","success",244350788,"https://api.github.com/repos/Ka0s-Klaus/ka0s/actions/runs/24133914680",1775649178,1775662246,1775649178
24133718220,"Ka0s Inspector -> Audit","main","010400d66e711b0e1bd0e4cbc9ce6e14312b1682",15162,"workflow_dispatch","completed","success",142065355,"https://api.github.com/repos/Ka0s-Klaus/ka0s/actions/runs/24133718220",1775648871,1775657933,1775648871
24133668979,"Ka0s Audit Cluster Status","main","010400d66e711b0e1bd0e4cbc9ce6e14312b1682",2294,"schedule","completed","success",230364367,"https://api.github.com/repos/Ka0s-Klaus/ka0s/actions/runs/24133668979",1775648791,1775662379,1775648791
24133643573,"Push on main","main","010400d66e711b0e1bd0e4cbc9ce6e14312b1682",29891,"dynamic","completed","success",151629566,"https://api.github.com/repos/Ka0s-Klaus/ka0s/actions/runs/24133643573",1775648753,1775648863,1775648753
24133619163,"Push on main","main","5775e3130f231131c2ae793ec0202dab3a269b23",29890,"dynamic","completed","success",151629566,"https://api.github.com/repos/Ka0s-Klaus/ka0s/actions/runs/24133619163",1775648716,1775648816,1775648716
24133597439,"Watchdog - Node Health","main","7fe0d75d2e005d02658927948fa69cfde3d44740",1086,"schedule","completed","success",233876278,"https://api.github.com/repos/Ka0s-Klaus/ka0s/actions/runs/24133597439",1775648682,1775659140,1775648682
24133025678,"Push on main","main","7fe0d75d2e005d02658927948fa69cfde3d44740",29889,"dynamic","completed","success",151629566,"https://api.github.com/repos/Ka0s-Klaus/ka0s/actions/runs/24133025678",1775647784,1775647877,1775647784
24132779742,"Push on main","main","689d22b41516104a5520d956f425159d123db60e",29888,"dynamic","completed","success",151629566,"https://api.github.com/repos/Ka0s-Klaus/ka0s/actions/runs/24132779742",1775647403,1775647503,1775647403
24132686474,"Push on main","main","6e5fd64bcf345927f52c055fbc71445aee56bec6",29887,"dynamic","completed","success",151629566,"https://api.github.com/repos/Ka0s-Klaus/ka0s/actions/runs/24132686474",1775647256,1775647353,1775647256
24132627600,"Push on main","main","66649ec45c314cdf36eb6bf98217d513d48e7a67",29886,"dynamic","completed","success",151629566,"https://api.github.com/repos/Ka0s-Klaus/ka0s/actions/runs/24132627600",1775647162,1775647258,1775647162
24132597343,"Push on main","main","f8f342248e9a4381d36f21fa25d179770141c584",29885,"dynamic","completed","success",151629566,"https://api.github.com/repos/Ka0s-Klaus/ka0s/actions/runs/24132597343",1775647113,1775647216,1775647113
24132588813,"Ka0s Audit Cluster Status","main","794079243dff1c28cf559a216ccc70d6933fbd75",2293,"workflow_dispatch","completed","success",230364367,"https://api.github.com/repos/Ka0s-Klaus/ka0s/actions/runs/24132588813",1775647098,1775657045,1775647098
24132436481,"Ka0s Inspector -> Audit","main","794079243dff1c28cf559a216ccc70d6933fbd75",15161,"workflow_dispatch","completed","success",142065355,"https://api.github.com/repos/Ka0s-Klaus/ka0s/actions/runs/24132436481",1775646857,1775652619,1775646857
24132400646,"Ka0s Inspector -> Audit","main","794079243dff1c28cf559a216ccc70d6933fbd75",15160,"workflow_dispatch","completed","success",142065355,"https://api.github.com/repos/Ka0s-Klaus/ka0s/actions/runs/24132400646",1775646799,1775648941,1775646799
24132383396,"Push on main","main","794079243dff1c28cf559a216ccc70d6933fbd75",29884,"dynamic","completed","success",151629566,"https://api.github.com/repos/Ka0s-Klaus/ka0s/actions/runs/24132383396",1775646771,1775646872,1775646771
24132294975,"Ka0s Status MongDB Report","main","bfeba4836de0d30035cc62138f7c256f2cf3f00a",5944,"schedule","completed","success",171839824,"https://api.github.com/repos/Ka0s-Klaus/ka0s/actions/runs/24132294975",1775646627,1775656675,1775646627
24132221766,"Ka0s Audit Cluster Status","main","bfeba4836de0d30035cc62138f7c256f2cf3f00a",2292,"workflow_dispatch","completed","success",230364367,"https://api.github.com/repos/Ka0s-Klaus/ka0s/actions/runs/24132221766",1775646512,1775650038,1775646512
24132101869,"Push on main","main","bfeba4836de0d30035cc62138f7c256f2cf3f00a",29883,"dynamic","completed","success",151629566,"https://api.github.com/repos/Ka0s-Klaus/ka0s/actions/runs/24132101869",1775646320,1775646425,1775646320
24132071014,"Ka0s Inspector -> Audit","main","4abca38a49761ba7d92e4590b61f47db26b13f0e",15159,"workflow_dispatch","completed","success",142065355,"https://api.github.com/repos/Ka0s-Klaus/ka0s/actions/runs/24132071014",1775646273,1775648954,1775646273
24132034658,"Ka0s Inspector -> Audit","main","4abca38a49761ba7d92e4590b61f47db26b13f0e",15158,"workflow_dispatch","completed","success",142065355,"https://api.github.com/repos/Ka0s-Klaus/ka0s/actions/runs/24132034658",1775646217,1775647543,1775646217
24131953221,"Push on main","main","4abca38a49761ba7d92e4590b61f47db26b13f0e",29882,"dynamic","completed","success",151629566,"https://api.github.com/repos/Ka0s-Klaus/ka0s/actions/runs/24131953221",1775646088,1775646196,1775646088
24131901620,"Push on main","main","c8b208cb00f864bda1bdb1736534954c90fd7df3",29881,"dynamic","completed","success",151629566,"https://api.github.com/repos/Ka0s-Klaus/ka0s/actions/runs/24131901620",1775646010,1775646110,1775646010
24131891768,"Ka0s Inspector -> Audit","main","e6580a32292442e15c0bcf5c95d9228e1418040d",15157,"workflow_dispatch","completed","success",142065355,"https://api.github.com/repos/Ka0s-Klaus/ka0s/actions/runs/24131891768",1775645995,1775648875,1775645995
24131642846,"Watchdog - Node Health","main","e6580a32292442e15c0bcf5c95d9228e1418040d",1085,"schedule","completed","success",233876278,"https://api.github.com/repos/Ka0s-Klaus/ka0s/actions/runs/24131642846",1775645590,1775648876,1775645590
24130253845,"Push on main","main","e6580a32292442e15c0bcf5c95d9228e1418040d",29880,"dynamic","completed","success",151629566,"https://api.github.com/repos/Ka0s-Klaus/ka0s/actions/runs/24130253845",1775643425,1775643523,1775643425
24130074202,"Ka0s Collect Service Logs","main","38a8c032f417b6dfacc9b0b73927dacf06b49592",521,"schedule","completed","success",244350788,"https://api.github.com/repos/Ka0s-Klaus/ka0s/actions/runs/24130074202",1775643149,1775649940,1775643149
24129905597,"Ka0s Inspector -> Audit","main","38a8c032f417b6dfacc9b0b73927dacf06b49592",15156,"workflow_dispatch","completed","success",142065355,"https://api.github.com/repos/Ka0s-Klaus/ka0s/actions/runs/24129905597",1775642898,1775646688,1775642898
24129830264,"Ka0s Inspector -> Audit","main","38a8c032f417b6dfacc9b0b73927dacf06b49592",15155,"workflow_dispatch","completed","success",142065355,"https://api.github.com/repos/Ka0s-Klaus/ka0s/actions/runs/24129830264",1775642786,1775647053,1775642786
24129588856,"Ka0s Audit Cluster Status","main","38a8c032f417b6dfacc9b0b73927dacf06b49592",2291,"schedule","completed","success",230364367,"https://api.github.com/repos/Ka0s-Klaus/ka0s/actions/runs/24129588856",1775642430,1775646803,1775642430
24129480781,"Watchdog - Node Health","main","38a8c032f417b6dfacc9b0b73927dacf06b49592",1084,"schedule","completed","success",233876278,"https://api.github.com/repos/Ka0s-Klaus/ka0s/actions/runs/24129480781",1775642271,1775646861,1775642271
24127915019,"Push on main","main","38a8c032f417b6dfacc9b0b73927dacf06b49592",29879,"dynamic","completed","success",151629566,"https://api.github.com/repos/Ka0s-Klaus/ka0s/actions/runs/24127915019",1775640028,1775640126,1775640028
24127853501,"Push on main","main","5ab82a56e77d76575b1d2b13db4f73868e530985",29878,"dynamic","completed","success",151629566,"https://api.github.com/repos/Ka0s-Klaus/ka0s/actions/runs/24127853501",1775639942,1775640047,1775639942
24127809854,"Push on main","main","2a1b38b1de1c0971abdd7fca406ff2ea4ad1caf1",29877,"dynamic","completed","success",151629566,"https://api.github.com/repos/Ka0s-Klaus/ka0s/actions/runs/24127809854",1775639877,1775639975,1775639877
24127747417,"Push on main","main","0af3ba5c51c82fb0ca728944c8eb40811d4fe790",29876,"dynamic","completed","success",151629566,"https://api.github.com/repos/Ka0s-Klaus/ka0s/actions/runs/24127747417",1775639788,1775639894,1775639788
24127708519,"Push on main","main","2df49446a477cc56ff965387a92bac2d891e8128",29875,"dynamic","completed","success",151629566,"https://api.github.com/repos/Ka0s-Klaus/ka0s/actions/runs/24127708519",1775639735,1775639835,1775639735
24127682684,"Ka0s Status MongDB Report","main","c2f253ad829479911ea38dc979c4c65c9181bdf9",5943,"schedule","completed","success",171839824,"https://api.github.com/repos/Ka0s-Klaus/ka0s/actions/runs/24127682684",1775639700,1775646278,1775639700
24127601213,"Push on main","main","c2f253ad829479911ea38dc979c4c65c9181bdf9",29874,"dynamic","completed","success",151629566,"https://api.github.com/repos/Ka0s-Klaus/ka0s/actions/runs/24127601213",1775639587,1775639689,1775639587
24127587930,"Ka0s Inspector -> Audit","main","c1c08ab26d84d40e885d390d89fcb1f7a1fb9081",15154,"workflow_dispatch","completed","success",142065355,"https://api.github.com/repos/Ka0s-Klaus/ka0s/actions/runs/24127587930",1775639568,1775642995,1775639568
24127545820,"Ka0s Daily Cluster Report","main","c1c08ab26d84d40e885d390d89fcb1f7a1fb9081",66,"schedule","completed","success",230482461,"https://api.github.com/repos/Ka0s-Klaus/ka0s/actions/runs/24127545820",1775639507,1775645999,1775639507
24127487969,"Push on main","main","c1c08ab26d84d40e885d390d89fcb1f7a1fb9081",29873,"dynamic","completed","success",151629566,"https://api.github.com/repos/Ka0s-Klaus/ka0s/actions/runs/24127487969",1775639424,1775639524,1775639424
24127424245,"Ka0s Inspector -> Audit","main","272403942e6653266c8524d2b21dc0b453771359",15153,"workflow_dispatch","completed","success",142065355,"https://api.github.com/repos/Ka0s-Klaus/ka0s/actions/runs/24127424245",1775639333,1775642996,1775639333
24127268154,"Push on main","main","272403942e6653266c8524d2b21dc0b453771359",29872,"dynamic","completed","success",151629566,"https://api.github.com/repos/Ka0s-Klaus/ka0s/actions/runs/24127268154",1775639108,1775639207,1775639108
24126976339,"Ka0s Collect Service Logs","main","68d55b6b6b1b85848078acdd8d3708891609a0d0",520,"schedule","completed","success",244350788,"https://api.github.com/repos/Ka0s-Klaus/ka0s/actions/runs/24126976339",1775638697,1775646222,1775638697
24126418340,"Ka0s Inspector -> Audit","main","68d55b6b6b1b85848078acdd8d3708891609a0d0",15152,"workflow_dispatch","completed","success",142065355,"https://api.github.com/repos/Ka0s-Klaus/ka0s/actions/runs/24126418340",1775637904,1775639884,1775637904
24126331695,"Ka0s Audit Cluster Status","main","68d55b6b6b1b85848078acdd8d3708891609a0d0",2290,"workflow_dispatch","completed","success",230364367,"https://api.github.com/repos/Ka0s-Klaus/ka0s/actions/runs/24126331695",1775637781,1775642903,1775637781
24126289251,"Push on main","main","68d55b6b6b1b85848078acdd8d3708891609a0d0",29871,"dynamic","completed","success",151629566,"https://api.github.com/repos/Ka0s-Klaus/ka0s/actions/runs/24126289251",1775637719,1775637816,1775637719
24125697831,"Push on main","main","7d25bfa3fc2486416827576eed49ce2d2996f5be",29870,"dynamic","completed","success",151629566,"https://api.github.com/repos/Ka0s-Klaus/ka0s/actions/runs/24125697831",1775636852,1775636950,1775636852
24125600019,"Ka0s Inspector -> Audit","main","d69459827f50cff5d1d707fb56eb2eb976e265c3",15151,"workflow_dispatch","completed","success",142065355,"https://api.github.com/repos/Ka0s-Klaus/ka0s/actions/runs/24125600019",1775636706,1775640155,1775636706
24125578333,"Push on main","main","d69459827f50cff5d1d707fb56eb2eb976e265c3",29869,"dynamic","completed","success",151629566,"https://api.github.com/repos/Ka0s-Klaus/ka0s/actions/runs/24125578333",1775636675,1775636770,1775636675
24125321786,"Push on main","main","77451999ab93468907abafb14a2c0a0459feef9f",29868,"dynamic","completed","success",151629566,"https://api.github.com/repos/Ka0s-Klaus/ka0s/actions/runs/24125321786",1775636299,1775636405,1775636299
24125179036,"Ka0s Inspector -> Audit","main","eb550048332cd17f2b72451383a09cbdfb443260",15150,"workflow_dispatch","completed","success",142065355,"https://api.github.com/repos/Ka0s-Klaus/ka0s/actions/runs/24125179036",1775636094,1775639403,1775636094
24125001769,"Push on main","main","eb550048332cd17f2b72451383a09cbdfb443260",29867,"dynamic","completed","success",151629566,"https://api.github.com/repos/Ka0s-Klaus/ka0s/actions/runs/24125001769",1775635835,1775635939,1775635835
24124897107,"Ka0s Audit Cluster Status","main","0e5755b1fa0ac3b1e2ba0b9a2863325303e8a841",2289,"schedule","completed","success",230364367,"https://api.github.com/repos/Ka0s-Klaus/ka0s/actions/runs/24124897107",1775635679,1775642790,1775635679
24124861054,"Ka0s Inspector -> Audit","main","0e5755b1fa0ac3b1e2ba0b9a2863325303e8a841",15149,"workflow_dispatch","completed","success",142065355,"https://api.github.com/repos/Ka0s-Klaus/ka0s/actions/runs/24124861054",1775635625,1775637929,1775635625
24124799015,"Watchdog - Node Health","main","0e5755b1fa0ac3b1e2ba0b9a2863325303e8a841",1083,"schedule","completed","success",233876278,"https://api.github.com/repos/Ka0s-Klaus/ka0s/actions/runs/24124799015",1775635532,1775639572,1775635532
24124634587,"Ka0s Inspector -> Audit","main","0e5755b1fa0ac3b1e2ba0b9a2863325303e8a841",15148,"workflow_dispatch","completed","success",142065355,"https://api.github.com/repos/Ka0s-Klaus/ka0s/actions/runs/24124634587",1775635281,1775637863,1775635281
24124615228,"Push on main","main","0e5755b1fa0ac3b1e2ba0b9a2863325303e8a841",29866,"dynamic","completed","success",151629566,"https://api.github.com/repos/Ka0s-Klaus/ka0s/actions/runs/24124615228",1775635250,1775635344,1775635250
24124358515,"Push on main","main","be28ebe37aea5cf27fe2f41e6bd71320000c54ee",29865,"dynamic","completed","success",151629566,"https://api.github.com/repos/Ka0s-Klaus/ka0s/actions/runs/24124358515",1775634848,1775634948,1775634848
24124209280,"Push on main","main","e5488303abb35183216d83352fbb21e4793a5093",29864,"dynamic","completed","success",151629566,"https://api.github.com/repos/Ka0s-Klaus/ka0s/actions/runs/24124209280",1775634610,1775634709,1775634610
24124160564,"Ka0s Status MongDB Report","main","74e41dc5e9f8a691a4a3742e3ba41a266622e06a",5942,"schedule","completed","success",171839824,"https://api.github.com/repos/Ka0s-Klaus/ka0s/actions/runs/24124160564",1775634530,1775639338,1775634530
24123567031,"Push on main","main","74e41dc5e9f8a691a4a3742e3ba41a266622e06a",29863,"dynamic","completed","success",151629566,"https://api.github.com/repos/Ka0s-Klaus/ka0s/actions/runs/24123567031",1775633585,1775633693,1775633585
24123475011,"Push on main","main","72079915addd48f3bb69c01b9b5cacbd746c173a",29862,"dynamic","completed","success",151629566,"https://api.github.com/repos/Ka0s-Klaus/ka0s/actions/runs/24123475011",1775633434,1775633535,1775633434
24123387111,"Ka0s Audit Cluster Status","main","c90794d5d04390529a9122b8660174bfc0af94a9",2288,"workflow_dispatch","completed","success",230364367,"https://api.github.com/repos/Ka0s-Klaus/ka0s/actions/runs/24123387111",1775633290,1775637908,1775633290
24123385445,"Ka0s Inspector -> Audit","main","c90794d5d04390529a9122b8660174bfc0af94a9",15147,"workflow_dispatch","completed","success",142065355,"https://api.github.com/repos/Ka0s-Klaus/ka0s/actions/runs/24123385445",1775633288,1775635647,1775633288
24123350399,"Ka0s Inspector -> Audit","main","c90794d5d04390529a9122b8660174bfc0af94a9",15146,"workflow_dispatch","completed","success",142065355,"https://api.github.com/repos/Ka0s-Klaus/ka0s/actions/runs/24123350399",1775633227,1775635796,1775633227
24123312498,"Push on main","main","c90794d5d04390529a9122b8660174bfc0af94a9",29861,"dynamic","completed","success",151629566,"https://api.github.com/repos/Ka0s-Klaus/ka0s/actions/runs/24123312498",1775633162,1775633269,1775633162
24123288988,"Ka0s Autom add audit -> MongoDB","main","40fc4101443cc59b8815cd67969c916294268abe",5277,"schedule","completed","success",171532733,"https://api.github.com/repos/Ka0s-Klaus/ka0s/actions/runs/24123288988",1775633121,1775636098,1775633121
24123090880,"Push on main","main","40fc4101443cc59b8815cd67969c916294268abe",29860,"dynamic","completed","success",151629566,"https://api.github.com/repos/Ka0s-Klaus/ka0s/actions/runs/24123090880",1775632785,1775632889,1775632785
24122966273,"Push on main","main","b7a1a0da0bf93a992510fa02be40100663d9f324",29859,"dynamic","completed","success",151629566,"https://api.github.com/repos/Ka0s-Klaus/ka0s/actions/runs/24122966273",1775632569,1775632675,1775632569
24122924375,"Ka0s Collect Service Logs","main","0a40b29ca8965f31fd312d1f96c1a2377b735cca",519,"schedule","completed","success",244350788,"https://api.github.com/repos/Ka0s-Klaus/ka0s/actions/runs/24122924375",1775632499,1775636711,1775632499
24122843227,"Push on main","main","0a40b29ca8965f31fd312d1f96c1a2377b735cca",29858,"dynamic","completed","success",151629566,"https://api.github.com/repos/Ka0s-Klaus/ka0s/actions/runs/24122843227",1775632362,1775632463,1775632362
24122768416,"Ka0s Inspector -> Audit","main","ad5649e4da58eab6e13be8b4fcf4fc438a4b655d",15145,"workflow_dispatch","completed","success",142065355,"https://api.github.com/repos/Ka0s-Klaus/ka0s/actions/runs/24122768416",1775632239,1775634634,1775632239
24122446250,"Push on main","main","ad5649e4da58eab6e13be8b4fcf4fc438a4b655d",29857,"dynamic","completed","success",151629566,"https://api.github.com/repos/Ka0s-Klaus/ka0s/actions/runs/24122446250",1775631698,1775631802,1775631698
24120963319,"Ka0s Audit Cluster Status","main","2264bd5383ea322e79ada6c94ba2f5c0f715b56a",2287,"schedule","completed","success",230364367,"https://api.github.com/repos/Ka0s-Klaus/ka0s/actions/runs/24120963319",1775628995,1775635633,1775628995
24120904066,"Watchdog - Node Health","main","2264bd5383ea322e79ada6c94ba2f5c0f715b56a",1082,"schedule","completed","success",233876278,"https://api.github.com/repos/Ka0s-Klaus/ka0s/actions/runs/24120904066",1775628886,1775635286,1775628886
24120482044,"Push on main","main","2264bd5383ea322e79ada6c94ba2f5c0f715b56a",29856,"dynamic","completed","success",151629566,"https://api.github.com/repos/Ka0s-Klaus/ka0s/actions/runs/24120482044",1775628105,1775628195,1775628105
24120447275,"Push on main","main","f422699080c48db77e5a0bc3e4c2bba024ad0cdb",29855,"dynamic","completed","success",151629566,"https://api.github.com/repos/Ka0s-Klaus/ka0s/actions/runs/24120447275",1775628039,1775628133,1775628039
24120428111,"Push on main","main","3e8c22fc60a168a4faae609d1044f2100a2a8999",29854,"dynamic","completed","success",151629566,"https://api.github.com/repos/Ka0s-Klaus/ka0s/actions/runs/24120428111",1775628006,1775628108,1775628006
24120391221,"Ka0s Inspector -> Audit","main","4097c7e79c11408001a024be5b13548409c9a19f",15144,"workflow_dispatch","completed","success",142065355,"https://api.github.com/repos/Ka0s-Klaus/ka0s/actions/runs/24120391221",1775627931,1775633480,1775627931
24120359825,"Ka0s Inspector -> Audit","main","4097c7e79c11408001a024be5b13548409c9a19f",15143,"workflow_dispatch","completed","success",142065355,"https://api.github.com/repos/Ka0s-Klaus/ka0s/actions/runs/24120359825",1775627866,1775633237,1775627866
24120286268,"Ka0s Inspector -> Audit","main","4097c7e79c11408001a024be5b13548409c9a19f",15142,"workflow_dispatch","completed","success",142065355,"https://api.github.com/repos/Ka0s-Klaus/ka0s/actions/runs/24120286268",1775627721,1775628257,1775627721
24120211667,"Push on main","main","4097c7e79c11408001a024be5b13548409c9a19f",29853,"dynamic","completed","success",151629566,"https://api.github.com/repos/Ka0s-Klaus/ka0s/actions/runs/24120211667",1775627575,1775627679,1775627575
24120197349,"Ka0s Status MongDB Report","main","133ba8e20d1ee1d219589e2cfb15a3b572c457d9",5941,"schedule","completed","success",171839824,"https://api.github.com/repos/Ka0s-Klaus/ka0s/actions/runs/24120197349",1775627548,1775633292,1775627548
24120182552,"Push on main","main","133ba8e20d1ee1d219589e2cfb15a3b572c457d9",29852,"dynamic","completed","success",151629566,"https://api.github.com/repos/Ka0s-Klaus/ka0s/actions/runs/24120182552",1775627517,1775627616,1775627517
24120003005,"Ka0s Inspector -> Audit","main","838d821c329caa422dbd14ef686509874fccce4d",15141,"workflow_dispatch","completed","success",142065355,"https://api.github.com/repos/Ka0s-Klaus/ka0s/actions/runs/24120003005",1775627159,1775632517,1775627159
24119909793,"Ka0s Inspector -> Audit","main","838d821c329caa422dbd14ef686509874fccce4d",15140,"workflow_dispatch","completed","success",142065355,"https://api.github.com/repos/Ka0s-Klaus/ka0s/actions/runs/24119909793",1775626976,1775628262,1775626976
24119618236,"Push on main","main","838d821c329caa422dbd14ef686509874fccce4d",29851,"dynamic","completed","success",151629566,"https://api.github.com/repos/Ka0s-Klaus/ka0s/actions/runs/24119618236",1775626401,1775626501,1775626401
24119576174,"Ka0s Audit Cluster Status","main","8410cb1285ebd615fdc6f834b82e62c155c04dd4",2286,"workflow_dispatch","completed","success",230364367,"https://api.github.com/repos/Ka0s-Klaus/ka0s/actions/runs/24119576174",1775626319,1775633231,1775626319
24119324632,"Ka0s Inspector -> Audit","main","8410cb1285ebd615fdc6f834b82e62c155c04dd4",15139,"workflow_dispatch","completed","success",142065355,"https://api.github.com/repos/Ka0s-Klaus/ka0s/actions/runs/24119324632",1775625806,1775629761,1775625806
24118893735,"Ka0s Collect Service Logs","main","8410cb1285ebd615fdc6f834b82e62c155c04dd4",518,"schedule","completed","success",244350788,"https://api.github.com/repos/Ka0s-Klaus/ka0s/actions/runs/24118893735",1775624935,1775632243,1775624935
24118049968,"Push on main","main","8410cb1285ebd615fdc6f834b82e62c155c04dd4",29850,"dynamic","completed","success",151629566,"https://api.github.com/repos/Ka0s-Klaus/ka0s/actions/runs/24118049968",1775623197,1775623293,1775623197
24118049635,"Ka0s Agent Ingest (Unified)","main","314d01fcc06073f29b520bbe5f4251526885f524",183,"schedule","completed","failure",245124346,"https://api.github.com/repos/Ka0s-Klaus/ka0s/actions/runs/24118049635",1775623196,1775627935,1775623196
24118015367,"Push on main","main","314d01fcc06073f29b520bbe5f4251526885f524",29849,"dynamic","completed","success",151629566,"https://api.github.com/repos/Ka0s-Klaus/ka0s/actions/runs/24118015367",1775623119,1775623223,1775623119
24117960649,"Push on main","main","0cbe30562248298308aece604acdc39650124228",29848,"dynamic","completed","success",151629566,"https://api.github.com/repos/Ka0s-Klaus/ka0s/actions/runs/24117960649",1775622998,1775623105,1775622998
24117937271,"Push on main","main","f57801d99e85f2682b285ee62fa918eba85c997c",29847,"dynamic","completed","success",151629566,"https://api.github.com/repos/Ka0s-Klaus/ka0s/actions/runs/24117937271",1775622951,1775623046,1775622951
24117936319,"Push on main","main","de92b2a63c4ee8f8aadcaf98292e1aefff45cc60",29846,"dynamic","completed","success",151629566,"https://api.github.com/repos/Ka0s-Klaus/ka0s/actions/runs/24117936319",1775622949,1775623042,1775622949
24117894215,"[Ka0s] CMDB Full Sync -> iTop (Scheduled)","main","5bb27a589cde25c9237870ecd9efe00bc93d4681",60,"schedule","completed","success",238137199,"https://api.github.com/repos/Ka0s-Klaus/ka0s/actions/runs/24117894215",1775622862,1775627871,1775622862
24117812574,"Push on main","main","5bb27a589cde25c9237870ecd9efe00bc93d4681",29845,"dynamic","completed","success",151629566,"https://api.github.com/repos/Ka0s-Klaus/ka0s/actions/runs/24117812574",1775622690,1775622790,1775622690
24117780693,"Ka0s Audit Cluster Status","main","b6b61bbb56b53b5ff42e3c09f89ccef734b79278",2285,"schedule","completed","success",230364367,"https://api.github.com/repos/Ka0s-Klaus/ka0s/actions/runs/24117780693",1775622626,1775627163,1775622626
24117690411,"Watchdog - Node Health","main","b6b61bbb56b53b5ff42e3c09f89ccef734b79278",1081,"schedule","completed","success",233876278,"https://api.github.com/repos/Ka0s-Klaus/ka0s/actions/runs/24117690411",1775622438,1775627726,1775622438
24116954070,"Ka0s Inspector -> Audit","main","b6b61bbb56b53b5ff42e3c09f89ccef734b79278",15138,"workflow_dispatch","completed","success",142065355,"https://api.github.com/repos/Ka0s-Klaus/ka0s/actions/runs/24116954070",1775620830,1775625355,1775620830
24116617164,"Push on main","main","b6b61bbb56b53b5ff42e3c09f89ccef734b79278",29844,"dynamic","completed","success",151629566,"https://api.github.com/repos/Ka0s-Klaus/ka0s/actions/runs/24116617164",1775620087,1775620185,1775620087
24116542737,"iTop Daily Audit Export","main","b8663e460592dbedc44a224e43b68caf45c249e4",79,"schedule","completed","success",226051219,"https://api.github.com/repos/Ka0s-Klaus/ka0s/actions/runs/24116542737",1775619925,1775625810,1775619925
24116025461,"Ka0s Status MongDB Report","main","b8663e460592dbedc44a224e43b68caf45c249e4",5940,"schedule","completed","success",171839824,"https://api.github.com/repos/Ka0s-Klaus/ka0s/actions/runs/24116025461",1775618788,1775626981,1775618788
24115117622,"Ka0s Inspector -> Audit","main","b8663e460592dbedc44a224e43b68caf45c249e4",15137,"workflow_dispatch","completed","success",142065355,"https://api.github.com/repos/Ka0s-Klaus/ka0s/actions/runs/24115117622",1775616807,1775623184,1775616807
24115039912,"Push on main","main","b8663e460592dbedc44a224e43b68caf45c249e4",29843,"dynamic","completed","success",151629566,"https://api.github.com/repos/Ka0s-Klaus/ka0s/actions/runs/24115039912",1775616637,1775616738,1775616637
24115035912,"Ka0s Inspector -> Audit","main","355f3255a3f07c19204455ab4324fb045cdc0ece",15136,"workflow_dispatch","completed","success",142065355,"https://api.github.com/repos/Ka0s-Klaus/ka0s/actions/runs/24115035912",1775616628,1775623574,1775616628
24114980070,"Ka0s Inspector -> Audit","main","355f3255a3f07c19204455ab4324fb045cdc0ece",15135,"workflow_dispatch","completed","success",142065355,"https://api.github.com/repos/Ka0s-Klaus/ka0s/actions/runs/24114980070",1775616502,1775623054,1775616502
24114879139,"Push on main","main","355f3255a3f07c19204455ab4324fb045cdc0ece",29842,"dynamic","completed","success",151629566,"https://api.github.com/repos/Ka0s-Klaus/ka0s/actions/runs/24114879139",1775616281,1775616386,1775616281
24114832484,"Push on main","main","a7091dfb19da8ef752cee975a46539cceec75b6b",29841,"dynamic","completed","success",151629566,"https://api.github.com/repos/Ka0s-Klaus/ka0s/actions/runs/24114832484",1775616179,1775616281,1775616179
24114800808,"Ka0s Inspector -> Audit","main","9b1f842447dcffb870803f1d02eb243b6be9dd62",15134,"workflow_dispatch","completed","success",142065355,"https://api.github.com/repos/Ka0s-Klaus/ka0s/actions/runs/24114800808",1775616107,1775622643,1775616107
24114787340,"Push on main","main","9b1f842447dcffb870803f1d02eb243b6be9dd62",29840,"dynamic","completed","success",151629566,"https://api.github.com/repos/Ka0s-Klaus/ka0s/actions/runs/24114787340",1775616076,1775616179,1775616076
24114782826,"Ka0s Autom add audit -> MongoDB","main","5e1e16375fe7192c32ce9c9bec3fe6066e140c12",5276,"schedule","completed","success",171532733,"https://api.github.com/repos/Ka0s-Klaus/ka0s/actions/runs/24114782826",1775616066,1775620835,1775616066
24114706263,"Push on main","main","5e1e16375fe7192c32ce9c9bec3fe6066e140c12",29839,"dynamic","completed","success",151629566,"https://api.github.com/repos/Ka0s-Klaus/ka0s/actions/runs/24114706263",1775615895,1775615990,1775615895
24114234454,"Push on main","main","f7c1d1e0c0c1c65a1f1a16d0c6557e5e482b81b3",29838,"dynamic","completed","success",151629566,"https://api.github.com/repos/Ka0s-Klaus/ka0s/actions/runs/24114234454",1775614869,1775614972,1775614869
24114094754,"Ka0s Inspector -> Audit","main","68e98d5e0c928e4ec4f49bb9b8ea55f91df4d37b",15133,"workflow_dispatch","completed","success",142065355,"https://api.github.com/repos/Ka0s-Klaus/ka0s/actions/runs/24114094754",1775614566,1775619175,1775614566
24113991328,"Push on main","main","68e98d5e0c928e4ec4f49bb9b8ea55f91df4d37b",29837,"dynamic","completed","success",151629566,"https://api.github.com/repos/Ka0s-Klaus/ka0s/actions/runs/24113991328",1775614341,1775614441,1775614341
24113956148,"Ka0s Audit Cluster Status","main","5828cc48b2d6b0fc5a42d1af210519a6a65dc093",2284,"workflow_dispatch","completed","success",230364367,"https://api.github.com/repos/Ka0s-Klaus/ka0s/actions/runs/24113956148",1775614261,1775616634,1775614261
24113884452,"Ka0s Collect Service Logs","main","5828cc48b2d6b0fc5a42d1af210519a6a65dc093",517,"schedule","completed","success",244350788,"https://api.github.com/repos/Ka0s-Klaus/ka0s/actions/runs/24113884452",1775614103,1775616811,1775614103
24113701376,"Ka0s Inspector -> Audit","main","5828cc48b2d6b0fc5a42d1af210519a6a65dc093",15132,"workflow_dispatch","completed","success",142065355,"https://api.github.com/repos/Ka0s-Klaus/ka0s/actions/runs/24113701376",1775613715,1775616124,1775613715
24113226737,"Ka0s Audit Cluster Status","main","5828cc48b2d6b0fc5a42d1af210519a6a65dc093",2283,"schedule","completed","success",230364367,"https://api.github.com/repos/Ka0s-Klaus/ka0s/actions/runs/24113226737",1775612689,1775616507,1775612689
24112732950,"Push on main","main","5828cc48b2d6b0fc5a42d1af210519a6a65dc093",29836,"dynamic","completed","success",151629566,"https://api.github.com/repos/Ka0s-Klaus/ka0s/actions/runs/24112732950",1775611631,1775611737,1775611631
24112689888,"Push on main","main","c102ae82f131831653d52c743e4dc104c3f2fdfb",29835,"dynamic","completed","success",151629566,"https://api.github.com/repos/Ka0s-Klaus/ka0s/actions/runs/24112689888",1775611537,1775611645,1775611537
24112632004,"Push on main","main","d1f27682683d1e2762f06502ef28f9de0d1ba6d5",29834,"dynamic","completed","success",151629566,"https://api.github.com/repos/Ka0s-Klaus/ka0s/actions/runs/24112632004",1775611412,1775611515,1775611412
24112630899,"Ka0s Inspector -> Audit","main","a270b04ea90b6ce7ba243660c0ba6b0e1222acca",15131,"workflow_dispatch","completed","success",142065355,"https://api.github.com/repos/Ka0s-Klaus/ka0s/actions/runs/24112630899",1775611410,1775611878,1775611410
24112575559,"Push on main","main","a270b04ea90b6ce7ba243660c0ba6b0e1222acca",29833,"dynamic","completed","success",151629566,"https://api.github.com/repos/Ka0s-Klaus/ka0s/actions/runs/24112575559",1775611287,1775611392,1775611287
24112541483,"Ka0s Inspector -> Audit","main","11a100acbc4ba97380b92168476d00a674485b0e",15130,"workflow_dispatch","completed","success",142065355,"https://api.github.com/repos/Ka0s-Klaus/ka0s/actions/runs/24112541483",1775611210,1775614328,1775611210
24112527540,"Watchdog - Node Health","main","11a100acbc4ba97380b92168476d00a674485b0e",1080,"schedule","completed","success",233876278,"https://api.github.com/repos/Ka0s-Klaus/ka0s/actions/runs/24112527540",1775611179,1775616111,1775611179
24112484840,"Push on main","main","11a100acbc4ba97380b92168476d00a674485b0e",29832,"dynamic","completed","success",151629566,"https://api.github.com/repos/Ka0s-Klaus/ka0s/actions/runs/24112484840",1775611080,1775611175,1775611080
24112480404,"Ka0s Inspector -> Audit","main","ec8e7cf8af8ee0b176f27d077d4c508a51e214d6",15129,"workflow_dispatch","completed","success",142065355,"https://api.github.com/repos/Ka0s-Klaus/ka0s/actions/runs/24112480404",1775611069,1775613933,1775611069
24112449477,"Ka0s Inspector -> Audit","main","ec8e7cf8af8ee0b176f27d077d4c508a51e214d6",15128,"workflow_dispatch","completed","success",142065355,"https://api.github.com/repos/Ka0s-Klaus/ka0s/actions/runs/24112449477",1775611001,1775611580,1775611001
24112438243,"Push on main","main","ec8e7cf8af8ee0b176f27d077d4c508a51e214d6",29831,"dynamic","completed","success",151629566,"https://api.github.com/repos/Ka0s-Klaus/ka0s/actions/runs/24112438243",1775610975,1775611079,1775610975
24112337433,"Ka0s Inspector -> Audit","main","6c7ea928af2ef243c0266ba009abcba4d0733d1f",15127,"workflow_dispatch","completed","success",142065355,"https://api.github.com/repos/Ka0s-Klaus/ka0s/actions/runs/24112337433",1775610756,1775611356,1775610756
24112289909,"Ka0s Audit Cluster Status","main","6c7ea928af2ef243c0266ba009abcba4d0733d1f",2282,"workflow_dispatch","completed","success",230364367,"https://api.github.com/repos/Ka0s-Klaus/ka0s/actions/runs/24112289909",1775610650,1775613719,1775610650
24112237028,"Push on main","main","6c7ea928af2ef243c0266ba009abcba4d0733d1f",29830,"dynamic","completed","success",151629566,"https://api.github.com/repos/Ka0s-Klaus/ka0s/actions/runs/24112237028",1775610528,1775610626,1775610528
24112166476,"Daily Lead Time Report","main","ee55f68286081830aa0cdd8432a7f95a10c6b758",38,"schedule","completed","failure",240716440,"https://api.github.com/repos/Ka0s-Klaus/ka0s/actions/runs/24112166476",1775610374,1775614570,1775610374
24112143519,"Ka0s Generate -> Daily Lead Time Report","main","ee55f68286081830aa0cdd8432a7f95a10c6b758",43,"schedule","completed","failure",240902002,"https://api.github.com/repos/Ka0s-Klaus/ka0s/actions/runs/24112143519",1775610324,1775611414,1775610324
